preh146,a.a.seq,N120-IMML103
1,Q,0
2,V,0
3,Q,0
4,L,0
5,V,0
6,E,0
7,S,0
8,G,0
9,G,0
10,G,0
11,V,0
12,V,0
13,Q,0
14,P,0
15,G,0
16,R,0
17,S,0
18,L,0
19,R,0
20,L,0
21,S,0
22,C,0
23,A,0
24,A,0
25,S,0
26,G,0
27,F,-1.4
28,T,4.67
29,F,0
30,S,8.2
31,S,1.39999999999999
32,Y,-2.3
33,A,-5.9
34,M,0
35,S,1.9
36,W,0
37,V,0
38,R,0
39,Q,0
40,A,0
41,P,0
42,G,0
43,K,0
44,G,0
45,L,0
46,E,0
47,W,-0.400000000000002
48,V,0
49,A,0
50,V,6.8
51,I,7.9
52,S,-0.599999999999994
53,Y,-17.9
54,D,-2.4
55,G,10.2
56,S,-5.2
57,N,-8.5
58,K,7
59,Y,-9.3
60,Y,0
61,A,0
62,D,0
63,S,0
64,V,0
65,K,0
66,G,0
67,R,0
68,F,0
69,T,0
70,I,0
71,S,0
72,R,0
73,D,0
74,N,0
75,S,0
76,K,0
77,N,0
78,T,0
79,L,0
80,Y,0
81,L,0
82,Q,0
83,M,0
84,N,0
85,S,0
86,L,0
87,R,0
88,A,0
89,E,0
90,D,0
91,T,0
92,A,0
93,V,0
94,Y,0
95,Y,0
96,C,0
97,A,-0.4
98,K,-0.899999999999999
99,T,1.7
100,A,-3.8
101,S,1.9
102,F,0.700000000000003
103,V,-1.89999999999999
104,V,5.5
105,V,0
106,P,0
107,A,0
108,A,0
109,I,0
110,S,0
111,D,0
112,G,0
113,D,0
114,G,0
115,Y,0.100000000000009
116,Y,10.8
117,Y,0.300000000000011
118,Y,1.3
119,M,0.800000000000001
120,D,13.8
121,V,0
122,W,0.8
123,G,0
124,K,0
125,G,0
126,T,0
127,T,0
128,V,0
129,T,0
130,V,0
131,S,0
132,S,0
